<!--
    Copyright 2014-2015 Amazon.com, Inc. or its affiliates. All Rights Reserved.

    Licensed under the Apache License, Version 2.0 (the "License").
    You may not use this file except in compliance with the License.
    A copy of the License is located at

    http://aws.amazon.com/apache2.0

    or in the "license" file accompanying this file. This file is distributed
    on an "AS IS" BASIS, WITHOUT WARRANTIES OR CONDITIONS OF ANY KIND, either
    express or implied. See the License for the specific language governing
    permissions and limitations under the License.
-->
<assembly
    xmlns="http://maven.apache.org/plugins/maven-assembly-plugin/assembly/1.1.0 "
    xmlns:xsi="http://www.w3.org/2001/XMLSchema-instance"
    xsi:schemaLocation="http://maven.apache.org/plugins/maven-assembly-plugin/assembly/1.1.0
    http://maven.apache.org/xsd/assembly-1.1.0.xsd">
    <id>zip</id>
    <formats>
        <format>zip</format>
    </formats>
    <includeBaseDirectory>false</includeBaseDirectory>
    <fileSets>
        <fileSet>
            <directory>${project.build.directory}</directory>
            <outputDirectory>./</outputDirectory>
            <includes>
                <include>*.jar</include>
            </includes>
        </fileSet>
        <fileSet>
            <directory>${project.build.directory}</directory>
            <outputDirectory>./</outputDirectory>
            <includes>
                <include>/dependency-jars/</include>
            </includes>
        </fileSet>
    </fileSets>
</assembly>